method,period,n,ece,brier,logloss,mean_p,base_rate
現行(softmax Rank),cal2024(in-fit),44766,0.008387076606833119,0.06567068463434478,0.24997385354213741,0.07208595809319573,0.07221998838404146
市場暗黙確率(参考),cal2024(in-fit),44766,0.0018477511214894536,0.05683168225167123,0.20071735891849066,0.07208595809319573,0.07221998838404146
Isotonic,cal2024(in-fit),44766,8.935353648987549e-11,0.06486481844334017,0.24363902378975347,0.07221998847339497,0.07221998838404146
Venn-Abers,cal2024(in-fit),44766,0.0007609179830494714,0.06488625958911584,0.24377382326929686,0.07298090636709093,0.07221998838404146
Beta,cal2024(in-fit),44766,0.004400168774515516,0.06515976781830399,0.24568785171999133,0.07222027814481537,0.07221998838404146
現行(softmax Rank),holdout2025+,67885,0.008274551700586497,0.0643781454248397,0.24581490561571348,0.0706783530971496,0.07076673786550784
市場暗黙確率(参考),holdout2025+,67885,0.0013754913926624862,0.05654356411001802,0.2008563277978464,0.0706783530971496,0.07076673786550784
Isotonic,holdout2025+,67885,0.0023076511474102992,0.06364349212585582,0.2397647622368203,0.06894031878345075,0.07076673786550784
Venn-Abers,holdout2025+,67885,0.0014310502649693862,0.06365281390558603,0.2397679385206853,0.06971767787650182,0.07076673786550784
Beta,holdout2025+,67885,0.003602412149498416,0.06377705265607264,0.2408895750015085,0.06913442922840407,0.07076673786550784
現行(softmax Rank),holdout2025,45481,0.008463754617924465,0.06468423599280469,0.24676345323985155,0.071018667135727,0.07112860315296497
市場暗黙確率(参考),holdout2025,45481,0.0014090081784577883,0.05672758965014379,0.2014360238571424,0.071018667135727,0.07112860315296497
Isotonic,holdout2025,45481,0.0017991115471808043,0.0639353163084424,0.2407308784239846,0.0697000884703149,0.07112860315296497
Venn-Abers,holdout2025,45481,0.000946117501158362,0.06393317725278576,0.2407026364820969,0.07047623677469185,0.07112860315296497
Beta,holdout2025,45481,0.003440234276318566,0.06408012120955078,0.24187961080787593,0.0698643093303898,0.07112860315296497
現行(softmax Rank),holdout2026,22404,0.007890462346745772,0.0637567695490311,0.24388931668099528,0.06998750223174433,0.07003213711837172
市場暗黙確率(参考),holdout2026,22404,0.002414918759107365,0.056169985035278674,0.19967952202776765,0.06998750223174433,0.07003213711837172
Isotonic,holdout2026,22404,0.003369763101735608,0.06305107757273046,0.2378035084290886,0.06739795647635073,0.07003213711837172
Venn-Abers,holdout2026,22404,0.0024938460851515014,0.06308366529846267,0.2378704649452987,0.06817777351796847,0.07003213711837172
Beta,holdout2026,22404,0.003997448613807258,0.06316181158837314,0.23887976342726297,0.0676527439526313,0.07003213711837172
