rule,period,threshold,n_race,n_bet,n_hit,hit_rate,invest,return,roi_pct,skip_rate,tickets_per_race,worst_race_pnl,p5_race_pnl,n_loss_races,n_big_loss_races
現行p・通常EV,cal2024(in-fit),1.0,3227,28692,505,0.017600724940750035,2869200,1922880.0,67.01798410706817,0.0,8.891230244809421,-1500.0,-1200.0,2725,2723
市場p・通常EV(参考),cal2024(in-fit),1.0,3227,152,12,0.07894736842105263,15200,16940.0,111.44736842105263,0.9962813758909204,0.04710257204834211,-1050.0,0.0,10,8
Iso点・通常EV,cal2024(in-fit),1.0,3227,27133,540,0.019901964397597022,2713300,1830160.0,67.45144289241883,0.0,8.40811899597149,-1400.0,-1100.0,2712,2689
VA点・通常EV,cal2024(in-fit),1.0,3227,27350,543,0.019853747714808044,2735000,1835870.0,67.12504570383912,0.0,8.475364115277348,-1400.0,-1100.0,2710,2685
Beta点・通常EV,cal2024(in-fit),1.0,3227,27854,517,0.01856106842823293,2785400,1835360.0,65.89215193509011,0.0,8.631546327858691,-1500.0,-1100.0,2755,2714
VA下限・保守EV,cal2024(in-fit),1.0,3227,27112,535,0.0197329595750959,2711200,1821140.0,67.17099439362644,0.0,8.401611403780601,-1400.0,-1100.0,2715,2693
現行p・通常EV,cal2024(in-fit),1.1,3227,27677,451,0.016295118690609532,2767700,1844870.0,66.65715214799292,0.0,8.576696622249768,-1500.0,-1200.0,2777,2775
市場p・通常EV(参考),cal2024(in-fit),1.1,3227,72,6,0.08333333333333333,7200,12310.0,170.97222222222223,0.9981406879454602,0.022311744654477845,-1050.0,0.0,4,4
Iso点・通常EV,cal2024(in-fit),1.1,3227,25992,466,0.017928593413357955,2599200,1712800.0,65.89719913819637,0.0,8.054539820266502,-1400.0,-1100.0,2774,2761
VA点・通常EV,cal2024(in-fit),1.1,3227,26206,469,0.017896664885903992,2620600,1733680.0,66.15584217354804,0.0,8.120855283545088,-1400.0,-1100.0,2770,2758
Beta点・通常EV,cal2024(in-fit),1.1,3227,26704,458,0.01715098861593769,2670400,1745270.0,65.3561264230078,0.0,8.275178184071894,-1500.0,-1100.0,2799,2769
VA下限・保守EV,cal2024(in-fit),1.1,3227,25975,463,0.01782483156881617,2597500,1710070.0,65.83522617901829,0.0,8.049271769445305,-1400.0,-1100.0,2775,2764
現行p・通常EV,holdout2025+,1.0,4798,43489,827,0.019016302973165627,4348900,3039400.0,69.88893743245418,0.0,9.063984993747395,-1500.0,-1200.0,3972,3972
市場p・通常EV(参考),holdout2025+,1.0,4798,78,6,0.07692307692307693,7800,9150.0,117.3076923076923,0.9987494789495623,0.01625677365568987,-910.0,0.0,5,4
Iso点・通常EV,holdout2025+,1.0,4798,40502,834,0.020591575724655573,4050200,2791270.0,68.91684361266111,0.0,8.441433930804502,-1500.0,-1100.0,4018,3966
VA点・通常EV,holdout2025+,1.0,4798,40901,850,0.020781887973399183,4090100,2817250.0,68.87973399183393,0.0,8.524593580658609,-1500.0,-1100.0,4008,3952
Beta点・通常EV,holdout2025+,1.0,4798,41788,851,0.020364697999425672,4178800,2880060.0,68.9207427969752,0.0,8.709462275948312,-1400.0,-1100.0,4043,3953
VA下限・保守EV,holdout2025+,1.0,4798,40470,834,0.020607857672349888,4047000,2787610.0,68.88089943167779,0.0,8.434764485202168,-1500.0,-1100.0,4018,3966
現行p・通常EV,holdout2025+,1.1,4798,41897,733,0.017495286058667684,4189700,2903910.0,69.31069050289997,0.0,8.732180075031263,-1500.0,-1200.0,4066,4062
市場p・通常EV(参考),holdout2025+,1.1,4798,22,2,0.09090909090909091,2200,1240.0,56.36363636363636,0.9995831596498541,0.004585243851604835,-770.0,0.0,2,1
Iso点・通常EV,holdout2025+,1.1,4798,38657,755,0.019530744755154306,3865700,2678750.0,69.29534107664847,0.0,8.056898707794915,-1400.0,-1100.0,4075,4040
VA点・通常EV,holdout2025+,1.1,4798,39049,767,0.019641988271146507,3904900,2700580.0,69.15874926374556,0.0,8.13859941642351,-1400.0,-1100.0,4067,4031
Beta点・通常EV,holdout2025+,1.1,4798,40055,754,0.0188241168393459,4005500,2747370.0,68.58993883410311,0.0,8.348270112546894,-1400.0,-1100.0,4111,4048
VA下限・保守EV,holdout2025+,1.1,4798,38631,752,0.019466231782765138,3863100,2669730.0,69.10848800186379,0.0,8.051479783243018,-1400.0,-1100.0,4078,4043
現行p・通常EV,holdout2025,1.0,3230,29137,568,0.019494114013110478,2913700,2020170.0,69.3334934962419,0.0,9.020743034055728,-1500.0,-1200.0,2663,2663
市場p・通常EV(参考),holdout2025,1.0,3230,52,4,0.07692307692307693,5200,7120.0,136.92307692307693,0.9987616099071207,0.01609907120743034,-910.0,0.0,3,3
Iso点・通常EV,holdout2025,1.0,3230,27209,561,0.02061817780881326,2720900,1826160.0,67.1160277849241,0.0,8.423839009287926,-1500.0,-1100.0,2702,2670
VA点・通常EV,holdout2025,1.0,3230,27472,572,0.020821199767035527,2747200,1847570.0,67.25283925451369,0.0,8.505263157894737,-1500.0,-1100.0,2694,2661
Beta点・通常EV,holdout2025,1.0,3230,28077,586,0.020871175695409052,2807700,1918120.0,68.31641557146419,0.0,8.692569659442725,-1400.0,-1100.0,2708,2649
VA下限・保守EV,holdout2025,1.0,3230,27190,562,0.020669363736667893,2719000,1823290.0,67.05737403457154,0.0,8.41795665634675,-1500.0,-1100.0,2701,2669
現行p・通常EV,holdout2025,1.1,3230,28078,500,0.01780753614929838,2807800,1922230.0,68.46036042453166,0.0,8.692879256965945,-1500.0,-1200.0,2731,2729
市場p・通常EV(参考),holdout2025,1.1,3230,11,1,0.09090909090909091,1100,330.0,30.0,0.9996904024767802,0.003405572755417957,-770.0,0.0,1,1
Iso点・通常EV,holdout2025,1.1,3230,25988,511,0.019662921348314606,2598800,1747470.0,67.24141911651532,0.0,8.045820433436532,-1400.0,-1100.0,2738,2717
VA点・通常EV,holdout2025,1.1,3230,26254,522,0.019882684543307685,2625400,1767540.0,67.3245981564714,0.0,8.128173374613002,-1400.0,-1100.0,2731,2708
Beta点・通常EV,holdout2025,1.1,3230,26904,519,0.019290811775200714,2690400,1819240.0,67.61968480523343,0.0,8.329411764705883,-1400.0,-1100.0,2756,2714
VA下限・保守EV,holdout2025,1.1,3230,25971,509,0.019598783258249586,2597100,1739680.0,66.98548380886373,0.0,8.040557275541795,-1400.0,-1100.0,2740,2719
現行p・通常EV,holdout2026,1.0,1568,14352,259,0.018046265328874024,1435200,1019230.0,71.01658305462654,0.0,9.153061224489797,-1500.0,-1200.0,1309,1309
市場p・通常EV(参考),holdout2026,1.0,1568,26,2,0.07692307692307693,2600,2030.0,78.07692307692308,0.9987244897959183,0.016581632653061226,-380.0,0.0,2,1
Iso点・通常EV,holdout2026,1.0,1568,13293,273,0.020537124802527645,1329300,965110.0,72.6028736929211,0.0,8.477678571428571,-1400.0,-1100.0,1316,1296
VA点・通常EV,holdout2026,1.0,1568,13429,278,0.020701466974458262,1342900,969680.0,72.20790825824707,0.0,8.564413265306122,-1400.0,-1100.0,1314,1291
Beta点・通常EV,holdout2026,1.0,1568,13711,265,0.019327547224855954,1371100,961940.0,70.1582670848224,0.0,8.744260204081632,-1400.0,-1200.0,1335,1304
VA下限・保守EV,holdout2026,1.0,1568,13280,272,0.020481927710843374,1328000,964320.0,72.6144578313253,0.0,8.46938775510204,-1400.0,-1100.0,1317,1297
現行p・通常EV,holdout2026,1.1,1568,13819,233,0.016860843765829654,1381900,981680.0,71.03842535639338,0.0,8.81313775510204,-1500.0,-1200.0,1335,1333
市場p・通常EV(参考),holdout2026,1.1,1568,11,1,0.09090909090909091,1100,910.0,82.72727272727273,0.9993622448979592,0.00701530612244898,-190.0,0.0,1,0
Iso点・通常EV,holdout2026,1.1,1568,12669,244,0.019259610071828873,1266900,931280.0,73.50856421185571,0.0,8.079719387755102,-1400.0,-1100.0,1337,1323
VA点・通常EV,holdout2026,1.1,1568,12795,245,0.019148104728409537,1279500,933040.0,72.9222352481438,0.0,8.160076530612244,-1400.0,-1100.0,1336,1323
Beta点・通常EV,holdout2026,1.1,1568,13151,235,0.017869363546498367,1315100,928130.0,70.5748612272831,0.0,8.387117346938776,-1400.0,-1100.0,1355,1334
VA下限・保守EV,holdout2026,1.1,1568,12660,243,0.01919431279620853,1266000,930050.0,73.46366508688783,0.0,8.073979591836734,-1400.0,-1100.0,1338,1324
現行p・通常EV / 6人気+,holdout2025+_ninki6+,1.0,4798,41001,701,0.01709714397209824,4100100,2855010.0,69.63269188556377,0.0,8.545435598165902,-1300.0,-1100.0,4098,4097
VA点・通常EV / 6人気+,holdout2025+_ninki6+,1.0,4798,37006,598,0.0161595416959412,3700600,2545720.0,68.79208776955088,0.0,7.712796998749479,-1300.0,-1100.0,4201,4197
VA下限・保守EV / 6人気+,holdout2025+_ninki6+,1.0,4798,36658,590,0.016094713295869933,3665800,2520790.0,68.76507174423045,0.0,7.640266777824094,-1300.0,-1000.0,4209,4205
現行p・通常EV / 6人気+,holdout2025+_ninki6+,1.1,4798,39984,642,0.01605642256902761,3998400,2762340.0,69.08613445378151,0.0,8.333472280116716,-1300.0,-1100.0,4157,4150
VA点・通常EV / 6人気+,holdout2025+_ninki6+,1.1,4798,35898,566,0.01576689509164856,3589800,2474010.0,68.91776700651847,0.0,7.481867444768653,-1300.0,-1000.0,4233,4229
VA下限・保守EV / 6人気+,holdout2025+_ninki6+,1.1,4798,35543,560,0.01575556368342571,3554300,2452920.0,69.01274512562249,0.0,7.407878282617758,-1300.0,-1000.0,4239,4233
