variable,tier,n,win_rate,place_rate,residual,z,ci_lo,ci_hi,roi_win
V1 騎手係数,2,8533,0.0962,0.2577,0.004,0.88,-0.0033,0.0122,0.7239
V1 騎手係数,1,7844,0.0616,0.1901,-0.0054,-1.14,-0.0128,0.0023,0.7529
V1 騎手係数,0,7408,0.04,0.1408,0.0034,0.7,-0.0037,0.0103,0.7905
V2 黄金ライン,2,416,0.2572,0.5529,0.0363,1.76,-0.0082,0.0822,0.6904
V2 黄金ライン,1,1019,0.1963,0.4553,0.0239,1.81,-0.0044,0.051,1.135
V2 黄金ライン,0,22350,0.0579,0.1807,-0.001,-0.36,-0.0056,0.0037,0.7381
V3 厩舎当コース勝率,2,8281,0.1083,0.2883,0.0094,2.03,0.0009,0.018,0.8796
V3 厩舎当コース勝率,1,7511,0.0584,0.1793,-0.001,-0.2,-0.0086,0.0064,0.7332
V3 厩舎当コース勝率,0,7993,0.033,0.125,-0.0067,-1.42,-0.0128,-0.0001,0.6441
