period,feature,bin,n,win_rate_pct,place_rate_pct,tansho_roi_pct,fukusho_roi_pct,avg_odds,med_odds
全期間,neg_log_odds,低位,22570,2.52,13.15,77.21,79.8,33.12,30.1
全期間,neg_log_odds,中位,22818,4.49,18.33,87.56,80.67,19.78,19.6
全期間,neg_log_odds,高位,22256,6.69,24.29,85.11,82.3,13.14,13.4
全期間,ct_pct,低位,22882,4.29,17.79,85.48,81.28,25.52,22.3
全期間,ct_pct,中位,22293,4.18,18.47,79.31,81.0,22.61,21.0
全期間,ct_pct,高位,22469,5.2,19.45,85.03,80.45,17.95,17.1
全期間,spurt_pct,低位,22621,4.69,19.31,83.11,78.2,21.07,19.2
全期間,spurt_pct,中位,22707,4.51,18.75,81.32,80.86,22.04,19.6
全期間,spurt_pct,高位,22316,4.46,17.62,85.51,83.72,23.04,20.3
全期間,blood_pct,低位,23890,5.08,19.75,89.22,83.73,20.65,18.6
全期間,blood_pct,中位,22159,4.39,18.56,80.68,80.75,21.98,19.8
全期間,blood_pct,高位,21595,4.14,17.26,79.43,77.97,23.65,21.0
全期間,combo,低位,31236,5.02,19.3,87.85,82.81,19.9,18.5
全期間,combo,中位,23019,4.39,18.27,81.31,80.43,22.72,20.3
全期間,combo,高位,13389,3.75,17.37,76.1,77.32,25.9,22.5
全期間,low_elim,低位,22693,4.29,17.98,86.44,86.98,25.31,22.6
全期間,low_elim,高位,44951,4.69,18.86,81.71,77.85,20.4,18.5
全期間,pos_front,低位,59342,4.5,18.53,82.5,80.66,22.31,20.0
全期間,pos_front,高位,8302,4.95,18.84,89.04,82.76,20.18,17.9
直近6年,neg_log_odds,低位,17690,2.37,13.1,73.01,78.32,33.08,30.1
直近6年,neg_log_odds,中位,17612,4.56,18.44,88.74,80.89,19.74,19.6
直近6年,neg_log_odds,高位,17321,6.65,24.33,84.52,82.34,13.13,13.4
直近6年,ct_pct,低位,17911,4.21,17.75,84.01,80.64,25.55,22.3
直近6年,ct_pct,中位,17281,4.11,18.27,77.23,79.49,22.58,21.0
直近6年,ct_pct,高位,17431,5.23,19.76,84.85,81.38,17.91,17.1
直近6年,spurt_pct,低位,17734,4.58,19.3,81.74,77.78,21.11,19.3
直近6年,spurt_pct,中位,17553,4.44,18.8,78.83,80.18,22.07,19.7
直近6年,spurt_pct,高位,17336,4.52,17.63,85.66,83.62,22.98,20.2
直近6年,blood_pct,低位,18829,4.99,19.74,87.59,83.4,20.71,18.7
直近6年,blood_pct,中位,17295,4.41,18.51,80.51,80.0,21.98,19.7
直近6年,blood_pct,高位,16499,4.09,17.35,77.39,77.73,23.65,20.9
直近6年,combo,低位,24074,5.1,19.33,88.59,82.48,19.82,18.4
直近6年,combo,中位,17971,4.25,18.37,77.96,80.73,22.72,20.4
直近6年,combo,高位,10578,3.63,17.24,74.17,75.64,25.98,22.65
直近6年,low_elim,低位,17390,4.23,17.74,84.71,85.02,25.36,22.6
直近6年,low_elim,高位,35233,4.65,19.0,80.76,78.28,20.41,18.6
直近6年,pos_front,低位,46182,4.45,18.54,80.98,80.17,22.32,19.9
直近6年,pos_front,高位,6441,4.98,18.94,89.82,82.87,20.06,17.9
直近3年,neg_log_odds,低位,9188,2.57,13.46,78.38,78.87,33.15,30.1
直近3年,neg_log_odds,中位,9185,4.45,18.73,86.72,81.41,19.72,19.6
直近3年,neg_log_odds,高位,9107,6.73,24.22,85.48,81.8,13.11,13.4
直近3年,ct_pct,低位,9347,4.15,17.66,83.95,79.37,25.57,22.2
直近3年,ct_pct,中位,9070,4.18,18.6,79.25,80.17,22.49,20.9
直近3年,ct_pct,高位,9063,5.42,20.14,87.36,82.56,17.88,17.1
直近3年,spurt_pct,低位,9201,4.46,19.07,79.76,76.04,21.1,19.2
直近3年,spurt_pct,中位,9130,4.75,19.49,85.45,82.67,22.14,19.7
直近3年,spurt_pct,高位,9149,4.53,17.81,85.38,83.39,22.82,20.1
直近3年,blood_pct,低位,9196,5.23,20.69,92.81,86.58,20.64,18.6
直近3年,blood_pct,中位,9311,4.55,18.35,81.91,78.36,21.95,19.7
直近3年,blood_pct,高位,8973,3.93,17.29,75.68,77.06,23.5,20.7
直近3年,combo,低位,12240,5.4,20.16,94.26,85.53,19.75,18.3
直近3年,combo,中位,9605,4.05,17.97,73.72,77.53,22.64,20.3
直近3年,combo,高位,5635,3.69,17.21,76.91,75.57,25.89,22.6
直近3年,low_elim,低位,8765,4.05,17.96,82.25,85.04,25.33,22.5
直近3年,low_elim,高位,18715,4.83,19.18,84.12,78.65,20.47,18.6
直近3年,pos_front,低位,24086,4.5,18.68,82.24,80.05,22.32,19.9
直近3年,pos_front,高位,3394,5.13,19.53,92.6,85.24,19.85,17.8
2024年以降,neg_log_odds,低位,6493,2.48,13.35,74.99,78.5,33.15,30.1
2024年以降,neg_log_odds,中位,6480,4.61,18.67,90.12,81.64,19.72,19.6
2024年以降,neg_log_odds,高位,6466,6.68,24.53,84.46,83.34,13.08,13.4
2024年以降,ct_pct,低位,6559,3.98,17.35,79.79,78.54,25.69,22.4
2024年以降,ct_pct,中位,6444,4.31,18.62,81.95,80.27,22.39,20.9
2024年以降,ct_pct,高位,6436,5.48,20.59,87.87,84.7,17.84,17.1
2024年以降,spurt_pct,低位,6554,4.41,19.09,78.37,76.57,21.16,19.2
2024年以降,spurt_pct,中位,6493,4.67,19.88,82.81,84.62,21.99,19.6
2024年以降,spurt_pct,高位,6392,4.69,17.54,88.5,82.33,22.86,20.1
2024年以降,blood_pct,低位,6668,5.37,21.0,96.17,88.42,20.71,18.7
2024年以降,blood_pct,中位,6599,4.17,17.99,73.49,77.06,22.06,19.7
2024年以降,blood_pct,高位,6172,4.2,17.43,79.51,77.69,23.32,20.6
2024年以降,combo,低位,8534,5.57,20.59,96.24,87.55,19.71,18.3
2024年以降,combo,中位,6831,3.81,17.63,69.27,75.84,22.62,20.3
2024年以降,combo,高位,4074,3.85,17.23,79.16,76.68,25.74,22.5
2024年以降,low_elim,低位,6193,4.02,18.18,81.47,86.1,25.31,22.3
2024年以降,low_elim,高位,13246,4.85,19.15,83.98,78.84,20.45,18.5
2024年以降,pos_front,低位,17067,4.52,18.83,81.67,80.92,22.29,19.9
2024年以降,pos_front,高位,2372,5.1,18.97,94.07,82.83,19.88,17.9
2025年,neg_log_odds,低位,2664,2.85,13.63,86.17,81.63,32.87,29.8
2025年,neg_log_odds,中位,2647,4.16,18.78,80.65,81.8,19.71,19.6
2025年,neg_log_odds,高位,2648,6.46,24.81,84.27,84.32,13.15,13.5
2025年,ct_pct,低位,2690,3.57,17.17,75.83,78.68,25.39,22.2
2025年,ct_pct,中位,2620,4.5,19.66,86.77,85.46,22.38,20.8
2025年,ct_pct,高位,2649,5.4,20.39,88.67,83.7,17.96,17.1
2025年,spurt_pct,低位,2689,4.13,19.38,74.96,78.21,21.11,19.2
2025年,spurt_pct,中位,2666,4.35,19.77,78.24,85.87,21.98,19.8
2025年,spurt_pct,高位,2604,4.99,18.01,98.33,83.73,22.72,20.0
2025年,blood_pct,低位,2880,5.45,22.22,100.59,94.94,20.67,18.6
2025年,blood_pct,中位,2441,3.4,17.0,63.85,73.32,22.23,20.0
2025年,blood_pct,高位,2638,4.44,17.51,83.65,77.66,23.02,20.5
2025年,combo,低位,3472,5.56,21.37,99.3,91.0,19.57,18.3
2025年,combo,中位,2814,3.94,17.59,73.03,75.31,22.39,20.3
2025年,combo,高位,1673,3.17,16.74,69.29,77.34,26.05,22.7
2025年,low_elim,低位,2486,4.06,18.62,82.85,88.36,25.28,22.3
2025年,low_elim,高位,5473,4.68,19.26,84.09,79.96,20.41,18.6
2025年,pos_front,低位,7027,4.4,19.21,81.23,83.49,22.26,19.9
2025年,pos_front,高位,932,5.15,17.92,102.35,75.73,19.44,17.8
