period,feature,bin,n,spearman_win,spearman_top3,auc_win,auc_top3
全期間,neg_log_odds,_summary,67644,0.0898,0.1282,0.6243,0.5951
全期間,ct_pct,_summary,67644,0.019,0.0162,0.5263,0.512
全期間,spurt_pct,_summary,67644,-0.0047,-0.0174,0.4935,0.4871
全期間,blood_pct,_summary,67644,-0.0209,-0.0263,0.4712,0.4804
全期間,combo,_summary,67644,-0.0238,-0.0198,0.4694,0.4848
全期間,low_elim,_summary,67644,0.0091,0.0106,0.5077,0.5026
全期間,pos_front,_summary,67644,0.0071,0.0026,0.5039,0.4989
直近6年,neg_log_odds,_summary,52623,0.0922,0.1299,0.6282,0.5964
直近6年,ct_pct,_summary,52623,0.0205,0.02,0.5286,0.5148
直近6年,spurt_pct,_summary,52623,-0.002,-0.0178,0.4972,0.4867
直近6年,blood_pct,_summary,52623,-0.0205,-0.0254,0.472,0.4814
直近6年,combo,_summary,52623,-0.0293,-0.0213,0.4594,0.4839
直近6年,low_elim,_summary,52623,0.0095,0.0153,0.5028,0.5058
直近6年,pos_front,_summary,52623,0.0085,0.0034,0.5055,0.4992
直近3年,neg_log_odds,_summary,27480,0.0899,0.1262,0.6242,0.5933
直近3年,ct_pct,_summary,27480,0.0263,0.0255,0.5364,0.5188
直近3年,spurt_pct,_summary,27480,0.0009,-0.0141,0.5013,0.4896
直近3年,blood_pct,_summary,27480,-0.0284,-0.0379,0.4607,0.472
直近3年,combo,_summary,27480,-0.0382,-0.0326,0.4507,0.4778
直近3年,low_elim,_summary,27480,0.0173,0.0145,0.5145,0.5062
直近3年,pos_front,_summary,27480,0.0099,0.0072,0.5083,0.5065
2024年以降,neg_log_odds,_summary,19439,0.0909,0.1291,0.6254,0.5953
2024年以降,ct_pct,_summary,19439,0.0303,0.031,0.5417,0.523
2024年以降,spurt_pct,_summary,19439,0.0054,-0.0178,0.5075,0.4868
2024年以降,blood_pct,_summary,19439,-0.0284,-0.0413,0.4608,0.4696
2024年以降,combo,_summary,19439,-0.0417,-0.0389,0.4434,0.4729
2024年以降,low_elim,_summary,19439,0.0186,0.0116,0.5261,0.5068
2024年以降,pos_front,_summary,19439,0.0091,0.0012,0.503,0.5034
2025年,neg_log_odds,_summary,7959,0.0768,0.1238,0.6072,0.591
2025年,ct_pct,_summary,7959,0.0344,0.0322,0.5481,0.5237
2025年,spurt_pct,_summary,7959,0.0172,-0.0127,0.5236,0.4907
2025年,blood_pct,_summary,7959,-0.0333,-0.0582,0.4536,0.4571
2025年,combo,_summary,7959,-0.0526,-0.0543,0.4357,0.4674
2025年,low_elim,_summary,7959,0.0138,0.0075,0.4981,0.5013
2025年,pos_front,_summary,7959,0.0117,-0.0106,0.5214,0.4972
