n,win,win_rate_pct,place_rate_pct,tansho_roi_pct,fukusho_roi_pct,avg_odds,med_odds,win_ci_lo,win_ci_hi,place_ci_lo,place_ci_hi,pool,period,vh_market_class
5023,248,4.94,19.39,75.71,79.55,16.37,15.6,4.37,5.57,18.32,20.51,精鋭,全期間,VH<市場
4689,168,3.58,15.7,84.21,86.16,26.37,24.5,3.09,4.15,14.68,16.77,精鋭,全期間,VH>市場
57932,2665,4.6,18.73,83.88,80.61,22.19,19.8,4.43,4.77,18.41,19.05,精鋭,全期間,一致
3886,192,4.94,19.4,75.36,78.83,16.33,15.5,4.3,5.67,18.19,20.68,精鋭,直近6年,VH<市場
3617,133,3.68,15.81,87.48,86.74,26.41,24.5,3.11,4.34,14.66,17.04,精鋭,直近6年,VH>市場
45120,2050,4.54,18.74,82.2,80.15,22.19,19.8,4.36,4.74,18.38,19.1,精鋭,直近6年,一致
1923,102,5.3,19.6,80.45,79.27,16.22,15.4,4.39,6.4,17.89,21.44,精鋭,直近3年,VH<市場
1803,64,3.55,16.2,88.44,88.35,26.47,24.6,2.79,4.51,14.57,17.97,精鋭,直近3年,VH>市場
23754,1092,4.6,18.92,83.4,80.22,22.15,19.7,4.34,4.87,18.43,19.42,精鋭,直近3年,一致
1319,73,5.53,20.7,84.89,84.09,16.1,15.4,4.42,6.9,18.6,22.97,精鋭,2024年以降,VH<市場
1269,45,3.55,16.08,85.79,86.89,26.18,24.5,2.66,4.71,14.16,18.2,精鋭,2024年以降,VH>市場
16851,774,4.59,18.91,82.85,80.49,22.14,19.7,4.29,4.92,18.32,19.51,精鋭,2024年以降,一致
524,25,4.77,19.66,72.54,80.21,15.89,15.3,3.25,6.95,16.48,23.27,精鋭,2025年,VH<市場
526,14,2.66,13.88,62.11,74.77,26.17,24.8,1.59,4.42,11.18,17.1,精鋭,2025年,VH>市場
6909,318,4.6,19.41,86.2,83.36,22.07,19.8,4.13,5.12,18.49,20.36,精鋭,2025年,一致
10449,458,4.38,17.17,81.14,78.77,20.52,19.3,4.01,4.79,16.46,17.9,精鋭+広域網,全期間,VH<市場
10150,273,2.69,13.09,75.39,81.71,34.02,30.9,2.39,3.02,12.45,13.76,精鋭+広域網,全期間,VH>市場
83321,3226,3.87,16.35,82.74,79.38,28.29,24.2,3.74,4.0,16.1,16.61,精鋭+広域網,全期間,一致
8126,350,4.31,17.24,79.43,78.8,20.54,19.3,3.89,4.77,16.44,18.08,精鋭+広域網,直近6年,VH<市場
7907,208,2.63,13.14,73.33,81.65,34.15,30.9,2.3,3.01,12.41,13.9,精鋭+広域網,直近6年,VH>市場
64947,2500,3.85,16.31,82.25,78.64,28.33,24.2,3.7,4.0,16.03,16.59,精鋭+広域網,直近6年,一致
4068,180,4.42,17.53,81.7,79.96,20.64,19.4,3.83,5.1,16.39,18.73,精鋭+広域網,直近3年,VH<市場
3977,108,2.72,13.68,76.71,84.02,34.3,31.0,2.25,3.27,12.65,14.78,精鋭+広域網,直近3年,VH>市場
34341,1325,3.86,16.4,83.21,77.99,28.4,24.2,3.66,4.07,16.01,16.79,精鋭+広域網,直近3年,一致
2828,122,4.31,17.36,79.75,79.12,20.74,19.4,3.63,5.13,16.01,18.8,精鋭+広域網,2024年以降,VH<市場
2812,75,2.67,13.62,74.56,84.45,34.42,31.1,2.13,3.33,12.4,14.94,精鋭+広域網,2024年以降,VH>市場
24440,938,3.84,16.42,82.03,78.14,28.49,24.2,3.6,4.09,15.96,16.89,精鋭+広域網,2024年以降,一致
1185,45,3.8,16.71,71.14,78.43,21.02,19.6,2.85,5.04,14.69,18.94,精鋭+広域網,2025年,VH<市場
1178,31,2.63,13.67,73.54,89.77,34.41,31.0,1.86,3.71,11.82,15.75,精鋭+広域網,2025年,VH>市場
10090,388,3.85,16.49,86.11,78.16,28.65,24.2,3.49,4.24,15.78,17.23,精鋭+広域網,2025年,一致
