period,metric_type,n,vh_score_spearman_win,vh_score_auc_win,market_prob_spearman_win,market_prob_auc_win,residual_spearman_win,residual_auc_win,vh_score_spearman_top3,vh_score_auc_top3,win,win_rate_pct,place_rate_pct,tansho_roi_pct,fukusho_roi_pct,avg_odds,med_odds,win_ci_lo,win_ci_hi,place_ci_lo,place_ci_hi,residual_bin,market_bin
全期間,correlation,67644,0.0552,0.5765,0.0898,0.6243,-0.0202,0.4721,0.0881,0.5654,,,,,,,,,,,,,
全期間,residual_bin,22548,,,,,,,,,1210.0,5.37,20.3,86.7,81.44,17.4,16.9,5.08,5.67,19.78,20.83,残差低,
全期間,residual_bin,22548,,,,,,,,,907.0,4.02,16.99,81.07,78.98,23.85,22.8,3.77,4.29,16.51,17.49,残差中,
全期間,residual_bin,22548,,,,,,,,,964.0,4.28,18.4,82.12,82.33,24.88,21.2,4.02,4.55,17.9,18.91,残差高,
全期間,market_bin,22570,,,,,,,,,569.0,2.52,13.15,77.21,79.8,33.12,30.1,2.32,2.73,12.72,13.6,,市場低
全期間,market_bin,22818,,,,,,,,,1024.0,4.49,18.33,87.56,80.67,19.78,19.6,4.23,4.76,17.83,18.83,,市場中
全期間,market_bin,22256,,,,,,,,,1488.0,6.69,24.29,85.11,82.3,13.14,13.4,6.37,7.02,23.74,24.86,,市場高
直近6年,correlation,52623,0.0567,0.5788,0.0922,0.6282,-0.0222,0.4691,0.0869,0.5645,,,,,,,,,,,,,
直近6年,residual_bin,17541,,,,,,,,,936.0,5.34,20.44,85.59,81.69,17.35,16.9,5.01,5.68,19.85,21.05,残差低,
直近6年,residual_bin,17541,,,,,,,,,702.0,4.0,17.06,79.41,78.86,23.8,22.7,3.72,4.3,16.51,17.62,残差中,
直近6年,residual_bin,17541,,,,,,,,,737.0,4.2,18.25,81.19,80.96,24.98,21.3,3.91,4.51,17.69,18.83,残差高,
直近6年,market_bin,17690,,,,,,,,,420.0,2.37,13.1,73.01,78.32,33.08,30.1,2.16,2.61,12.61,13.61,,市場低
直近6年,market_bin,17612,,,,,,,,,803.0,4.56,18.44,88.74,80.89,19.74,19.6,4.26,4.88,17.88,19.02,,市場中
直近6年,market_bin,17321,,,,,,,,,1152.0,6.65,24.33,84.52,82.34,13.13,13.4,6.29,7.03,23.7,24.97,,市場高
直近3年,correlation,27480,0.0518,0.5715,0.0899,0.6242,-0.0277,0.4618,0.0808,0.5597,,,,,,,,,,,,,
直近3年,residual_bin,9160,,,,,,,,,516.0,5.63,20.99,90.45,83.76,17.29,16.8,5.18,6.12,20.17,21.84,残差低,
直近3年,residual_bin,9160,,,,,,,,,359.0,3.92,17.15,78.78,78.38,23.73,22.6,3.54,4.34,16.39,17.94,残差中,
直近3年,residual_bin,9160,,,,,,,,,383.0,4.18,18.22,81.34,79.93,25.04,21.35,3.79,4.61,17.44,19.02,残差高,
直近3年,market_bin,9188,,,,,,,,,236.0,2.57,13.46,78.38,78.87,33.15,30.1,2.26,2.91,12.78,14.18,,市場低
直近3年,market_bin,9185,,,,,,,,,409.0,4.45,18.73,86.72,81.41,19.72,19.6,4.05,4.89,17.94,19.54,,市場中
直近3年,market_bin,9107,,,,,,,,,613.0,6.73,24.22,85.48,81.8,13.11,13.4,6.23,7.26,23.35,25.11,,市場高
2024年以降,correlation,19439,0.0538,0.5742,0.0909,0.6254,-0.0275,0.462,0.0796,0.5587,,,,,,,,,,,,,
2024年以降,residual_bin,6480,,,,,,,,,370.0,5.71,21.37,91.09,85.09,17.24,16.7,5.17,6.3,20.39,22.39,残差低,
2024年以降,residual_bin,6479,,,,,,,,,243.0,3.75,17.06,75.65,78.33,23.76,22.6,3.31,4.24,16.16,17.99,残差中,
2024年以降,residual_bin,6480,,,,,,,,,279.0,4.31,18.1,82.8,80.05,24.99,21.3,3.84,4.83,17.18,19.06,残差高,
2024年以降,market_bin,6493,,,,,,,,,161.0,2.48,13.35,74.99,78.5,33.15,30.1,2.13,2.89,12.55,14.2,,市場低
2024年以降,market_bin,6480,,,,,,,,,299.0,4.61,18.67,90.12,81.64,19.72,19.6,4.13,5.15,17.74,19.64,,市場中
2024年以降,market_bin,6466,,,,,,,,,432.0,6.68,24.53,84.46,83.34,13.08,13.4,6.1,7.32,23.49,25.59,,市場高
2025年,correlation,7959,0.0432,0.5602,0.0768,0.6072,-0.0285,0.4602,0.0732,0.5538,,,,,,,,,,,,,
2025年,residual_bin,2653,,,,,,,,,143.0,5.39,21.45,88.23,85.62,17.27,16.7,4.59,6.32,19.93,23.05,残差低,
2025年,residual_bin,2653,,,,,,,,,111.0,4.18,18.43,85.61,83.83,23.63,22.5,3.49,5.01,17.0,19.95,残差中,
2025年,residual_bin,2653,,,,,,,,,103.0,3.88,17.3,77.27,78.3,24.88,21.2,3.21,4.69,15.91,18.79,残差高,
2025年,market_bin,2664,,,,,,,,,76.0,2.85,13.63,86.17,81.63,32.87,29.8,2.29,3.56,12.38,14.98,,市場低
2025年,market_bin,2647,,,,,,,,,110.0,4.16,18.78,80.65,81.8,19.71,19.6,3.46,4.98,17.33,20.31,,市場中
2025年,market_bin,2648,,,,,,,,,171.0,6.46,24.81,84.27,84.32,13.15,13.5,5.58,7.46,23.2,26.49,,市場高
