n,win,place2,place3,win_rate,place_rate,tansho_roi,fukusho_roi,avg_odds,med_odds,invest,tansho_pay,fukusho_pay,profit_tansho,month
8393,318,487,565,0.037888716787799356,0.16323126414869535,81.6144406052663,81.29631836053855,27.981210532586683,24.1,839300,684990.0,682320.0,-154310.0,1
8658,317,453,647,0.03661353661353661,0.16366366366366367,76.14807114807115,81.78216678216678,27.83829983829984,23.8,865800,659290.0,708070.0,-206510.0,2
9643,380,515,672,0.03940682360261329,0.1625012962770922,82.23581872861143,78.68194545265996,27.995883023955198,24.3,964300,793000.0,758730.0,-171300.0,3
9234,335,515,598,0.03627896902750704,0.1568117825427767,77.67706302794022,78.16222655403942,27.83219623131904,23.7,923400,717270.0,721750.0,-206130.0,4
9843,375,522,653,0.03809814081072844,0.15747231535101086,78.79406684953774,79.77852280808696,27.83298791018998,23.8,984300,775570.0,785260.0,-208730.0,5
8966,356,495,604,0.03970555431630605,0.16227972339950925,89.29734552754852,82.08900289984385,28.55167298683917,24.4,896600,800640.0,736010.0,-95960.0,6
8573,330,454,603,0.03849294296045725,0.1617870057156188,78.4322874139741,77.22967455966406,27.408771725183716,23.4,857300,672400.0,662090.0,-184900.0,7
8771,343,518,588,0.03910614525139665,0.16520351157222665,83.9254360962262,80.98050393341694,28.09849504047429,24.3,877100,736110.0,710280.0,-140990.0,8
7240,285,415,504,0.0393646408839779,0.16629834254143647,93.26657458563537,83.41022099447514,28.152292817679555,24.4,724000,675250.0,603890.0,-48750.0,9
8586,318,445,578,0.037037037037037035,0.15618448637316562,79.96622408572094,75.04309340787329,28.04187048683904,24.3,858600,686590.0,644320.0,-172010.0,10
8200,308,423,572,0.037560975609756096,0.15890243902439025,78.75243902439024,78.36219512195122,28.41709756097561,24.3,820000,645770.0,642570.0,-174230.0,11
7813,292,421,544,0.0373736080890823,0.16088570331498783,84.49635223345706,78.1799564827851,28.73677204658902,24.7,781300,660170.0,610820.0,-121130.0,12
