n,win,place2,place3,win_rate,place_rate,tansho_roi,fukusho_roi,avg_odds,med_odds,invest,tansho_pay,fukusho_pay,profit_tansho,period,segment,from,to
103920,3957,5663,7128,0.03807736720554272,0.16116243264049268,81.86152809853733,79.54301385681293,28.063409353348728,24.1,10392000,8507050.0,8266110.0,-1884950.0,kiui_aligned,all,20180301,20260621
7240,285,415,504,0.0393646408839779,0.16629834254143647,93.26657458563537,83.41022099447514,28.152292817679555,24.4,724000,675250.0,603890.0,-48750.0,kiui_aligned,sep,20180301,20260621
96680,3672,5248,6624,0.0379809681423252,0.16077782374844848,81.00744724865537,79.25341332230037,28.05675320645428,24.1,9668000,7831800.0,7662220.0,-1836200.0,kiui_aligned,other,20180301,20260621
80980,3058,4408,5565,0.037762410471721415,0.16091627562361077,81.09372684613486,78.95406273153866,28.113150160533465,24.1,8098000,6566970.0,6393700.0,-1531030.0,recent6y,all,20200101,20260621
5467,222,304,378,0.04060728004389976,0.1653557709895738,96.25022864459484,84.05889884763124,28.20524967989757,24.5,546700,526200.0,459550.0,-20500.0,recent6y,sep,20200101,20260621
75513,2836,4104,5187,0.037556447234251056,0.16059486446042404,79.99642445671607,78.5844821421477,28.10648232754625,24.1,7551300,6040770.0,5934150.0,-1510530.0,recent6y,other,20200101,20260621
42386,1613,2282,2993,0.03805501816637569,0.1625064879913179,82.45835889208702,78.74722785825509,28.20916812154957,24.2,4238600,3495080.0,3337780.0,-743520.0,recent3y,all,20230101,20260621
2569,100,141,173,0.03892565200467108,0.16115219929933827,99.0657843518879,80.058388478007,28.59030751265084,25.0,256900,254500.0,205670.0,-2400.0,recent3y,sep,20230101,20260621
39817,1513,2141,2820,0.03799884471456915,0.16259386694125624,81.38684481502875,78.66263153929226,28.184576939498207,24.1,3981700,3240580.0,3132110.0,-741120.0,recent3y,other,20230101,20260621
30080,1135,1627,2125,0.037732712765957445,0.16246675531914895,81.11336436170212,78.82247340425532,28.314072473404256,24.2,3008000,2439890.0,2370980.0,-568110.0,holdout2024+,all,20240101,20260621
1609,58,87,109,0.036047234307022995,0.15786202610316968,85.42573026724673,79.41578620261032,28.686451211932877,24.9,160900,137450.0,127780.0,-23450.0,holdout2024+,sep,20240101,20260621
28471,1077,1540,2016,0.03782796529802255,0.16272698535351762,80.86965684380598,78.78894313511995,28.29302799339679,24.2,2847100,2302440.0,2243200.0,-544660.0,holdout2024+,other,20240101,20260621
