period,slice,score_threshold,score_quantile,n,win_rate_pct,place_rate_pct,tansho_roi_pct,fukusho_roi_pct,avg_odds,med_odds
全期間,全精鋭,-0.8757,0.0,67644,4.55,18.56,83.3,80.91,22.05,19.7
全期間,上位75%,0.1505,0.25,50733,4.98,19.86,84.31,81.35,19.73,17.9
全期間,上位50%,0.1853,0.5,33822,5.54,21.42,86.14,82.23,17.5,16.0
全期間,上位25%,0.2398,0.75,16911,6.08,23.48,83.48,83.01,15.09,14.3
全期間,上位10%,0.3023,0.9,6765,7.1,25.78,86.59,84.15,12.97,12.7
全期間,上位5%,0.3412,0.95,3383,7.86,27.34,88.0,84.82,11.74,11.6
直近6年,全精鋭,-0.8757,0.0,52623,4.51,18.59,82.06,80.51,22.05,19.7
直近6年,上位75%,0.1505,0.25,39467,4.96,19.87,83.68,80.96,19.72,17.9
直近6年,上位50%,0.1853,0.5,26312,5.52,21.41,85.59,81.67,17.46,16.0
直近6年,上位25%,0.2396,0.75,13156,6.04,23.35,83.16,82.24,15.06,14.3
直近6年,上位10%,0.3018,0.9,5263,6.95,25.71,84.9,83.81,12.97,12.7
直近6年,上位5%,0.3407,0.95,2632,7.41,27.39,82.48,84.92,11.77,11.7
直近3年,全精鋭,-0.8757,0.0,27480,4.58,18.79,83.52,80.69,22.02,19.6
直近3年,上位75%,0.1508,0.25,20610,5.03,20.11,85.16,81.28,19.65,17.8
直近3年,上位50%,0.1856,0.5,13740,5.47,21.4,84.77,81.32,17.36,15.9
直近3年,上位25%,0.2391,0.75,6870,5.85,22.87,80.34,80.24,14.97,14.2
直近3年,上位10%,0.301,0.9,2748,6.84,25.33,83.69,82.73,12.91,12.7
直近3年,上位5%,0.3415,0.95,1374,6.91,26.86,76.24,83.77,11.74,11.7
2024年以降,全精鋭,-0.8757,0.0,19439,4.59,18.84,83.18,81.16,22.0,19.6
2024年以降,上位75%,0.151,0.25,14579,5.08,20.18,85.89,81.82,19.59,17.7
2024年以降,上位50%,0.1862,0.5,9720,5.5,21.41,85.54,81.53,17.33,15.9
2024年以降,上位25%,0.2397,0.75,4860,5.95,22.76,82.1,80.23,14.89,14.1
2024年以降,上位10%,0.3018,0.9,1944,6.64,25.05,81.75,82.88,12.89,12.7
2024年以降,上位5%,0.342,0.95,972,6.38,25.82,69.88,80.21,11.73,11.7
2025年,全精鋭,-0.8757,0.0,7959,4.49,19.06,83.71,82.58,21.93,19.7
2025年,上位75%,0.1514,0.25,5969,4.88,20.34,83.34,82.51,19.56,17.8
2025年,上位50%,0.1862,0.5,3980,5.3,21.31,83.67,81.15,17.4,16.0
2025年,上位25%,0.2397,0.75,1990,5.38,21.81,75.3,76.83,15.02,14.2
2025年,上位10%,0.3011,0.9,796,5.65,25.75,74.13,85.83,12.98,12.8
2025年,上位5%,0.3401,0.95,398,4.77,28.14,55.45,86.46,11.77,11.8
