n,win,win_rate_pct,place_rate_pct,tansho_roi_pct,fukusho_roi_pct,avg_odds,med_odds,win_ci_lo,win_ci_hi,place_ci_lo,place_ci_hi,pool,period,vh_rank,vh_rank_bucket
24968,1288,5.16,21.15,83.26,79.21,19.14,17.1,4.89,5.44,20.65,21.66,精鋭,全期間,1,1
19619,912,4.65,18.56,87.17,81.72,22.08,20.0,4.36,4.95,18.03,19.11,精鋭,全期間,2,2
12814,519,4.05,16.52,81.51,80.86,24.17,21.9,3.72,4.41,15.89,17.17,精鋭,全期間,3,3
6612,241,3.64,15.32,78.71,82.81,25.76,23.3,3.22,4.12,14.47,16.21,精鋭,全期間,4,4
2601,87,3.34,14.15,78.15,84.58,27.18,24.0,2.72,4.11,12.86,15.54,精鋭,全期間,5,5
811,26,3.21,13.81,72.82,89.73,28.46,25.3,2.2,4.66,11.61,16.36,精鋭,全期間,6,6位以上
188,8,4.26,12.23,98.03,77.18,29.42,25.3,2.17,8.17,8.29,17.69,精鋭,全期間,7,6位以上
27,0,0.0,11.11,0.0,47.04,25.98,22.5,0.0,12.46,3.85,28.06,精鋭,全期間,8,6位以上
4,0,0.0,0.0,0.0,0.0,17.9,18.2,0.0,48.99,0.0,48.99,精鋭,全期間,9,6位以上
19451,997,5.13,21.07,82.16,78.59,19.15,17.2,4.82,5.44,20.5,21.65,精鋭,直近6年,1,1
15241,698,4.58,18.76,85.53,82.28,22.09,19.9,4.26,4.92,18.15,19.39,精鋭,直近6年,2,2
9950,405,4.07,16.54,81.53,80.32,24.2,21.8,3.7,4.48,15.83,17.29,精鋭,直近6年,3,3
5118,179,3.5,15.18,74.41,80.84,25.65,23.2,3.03,4.04,14.22,16.19,精鋭,直近6年,4,4
2037,71,3.49,14.48,83.01,85.08,27.18,24.1,2.77,4.37,13.02,16.08,精鋭,直近6年,5,5
641,20,3.12,13.42,67.29,86.57,28.61,25.2,2.03,4.77,10.99,16.27,精鋭,直近6年,6,6位以上
157,5,3.18,10.19,79.75,67.71,30.03,25.9,1.37,7.24,6.37,15.91,精鋭,直近6年,7,6位以上
24,0,0.0,12.5,0.0,52.92,25.14,21.7,0.0,13.8,4.34,31.0,精鋭,直近6年,8,6位以上
4,0,0.0,0.0,0.0,0.0,17.9,18.2,0.0,48.99,0.0,48.99,精鋭,直近6年,9,6位以上
10335,526,5.09,21.13,82.39,78.99,19.28,17.2,4.68,5.53,20.36,21.93,精鋭,直近3年,1,1
7993,367,4.59,18.73,85.94,80.89,22.09,19.9,4.15,5.07,17.89,19.6,精鋭,直近3年,2,2
5173,221,4.27,16.72,86.32,80.02,24.14,21.7,3.75,4.86,15.73,17.76,精鋭,直近3年,3,3
2575,108,4.19,16.47,90.04,88.08,25.53,23.2,3.49,5.04,15.08,17.95,精鋭,直近3年,4,4
1015,29,2.86,14.29,62.27,82.78,27.12,24.0,2.0,4.07,12.27,16.57,精鋭,直近3年,5,5
303,5,1.65,11.88,29.87,74.59,29.31,26.0,0.71,3.8,8.71,16.01,精鋭,直近3年,6,6位以上
72,2,2.78,15.28,85.56,91.81,27.29,24.05,0.77,9.57,8.75,25.32,精鋭,直近3年,7,6位以上
11,0,0.0,9.09,0.0,38.18,20.98,20.7,0.0,25.88,1.62,37.74,精鋭,直近3年,8,6位以上
3,0,0.0,0.0,0.0,0.0,16.13,16.6,0.0,56.15,0.0,56.15,精鋭,直近3年,9,6位以上
7351,368,5.01,20.87,81.25,78.19,19.26,17.1,4.53,5.53,19.95,21.81,精鋭,2024年以降,1,1
5671,268,4.73,18.83,88.83,82.06,22.14,19.9,4.2,5.31,17.84,19.87,精鋭,2024年以降,2,2
3654,156,4.27,17.13,83.79,81.12,24.11,21.7,3.66,4.97,15.94,18.39,精鋭,2024年以降,3,3
1800,74,4.11,16.72,87.07,88.98,25.58,23.1,3.29,5.13,15.07,18.52,精鋭,2024年以降,4,4
699,21,3.0,14.74,60.7,88.11,26.62,23.6,1.97,4.55,12.3,17.56,精鋭,2024年以降,5,5
209,4,1.91,11.0,37.08,71.29,30.0,27.0,0.75,4.82,7.45,15.97,精鋭,2024年以降,6,6位以上
47,1,2.13,14.89,61.49,84.89,27.13,23.9,0.38,11.11,7.41,27.69,精鋭,2024年以降,7,6位以上
6,0,0.0,16.67,0.0,70.0,17.02,16.3,0.0,39.03,3.01,56.35,精鋭,2024年以降,8,6位以上
2,0,0.0,0.0,0.0,0.0,15.9,15.9,0.0,65.76,0.0,65.76,精鋭,2024年以降,9,6位以上
2989,145,4.85,21.21,79.69,79.72,19.13,17.1,4.14,5.68,19.78,22.71,精鋭,2025年,1,1
2337,98,4.19,18.83,79.36,83.32,22.3,20.1,3.45,5.08,17.29,20.46,精鋭,2025年,2,2
1509,70,4.64,17.16,93.51,79.79,23.8,21.5,3.69,5.82,15.35,19.15,精鋭,2025年,3,3
744,35,4.7,18.55,108.91,103.2,25.65,23.2,3.4,6.47,15.92,21.5,精鋭,2025年,4,4
286,7,2.45,12.59,55.94,72.87,26.39,23.15,1.19,4.97,9.23,16.93,精鋭,2025年,5,5
77,2,2.6,11.69,57.4,74.42,29.63,26.0,0.72,8.98,6.27,20.75,精鋭,2025年,6,6位以上
15,0,0.0,6.67,0.0,36.67,26.51,23.9,0.0,20.39,1.19,29.82,精鋭,2025年,7,6位以上
1,0,0.0,0.0,0.0,0.0,20.9,20.9,0.0,79.35,0.0,79.35,精鋭,2025年,8,6位以上
1,0,0.0,0.0,0.0,0.0,12.0,12.0,0.0,79.35,0.0,79.35,精鋭,2025年,9,6位以上
26828,1321,4.92,20.64,81.55,78.86,20.54,17.8,4.67,5.19,20.16,21.12,精鋭+広域網,全期間,1,1
24550,1015,4.13,17.25,83.11,78.84,25.46,22.1,3.89,4.39,16.78,17.72,精鋭+広域網,全期間,2,2
20421,692,3.39,14.77,78.84,78.16,29.48,26.1,3.15,3.65,14.29,15.26,精鋭+広域網,全期間,3,3
14928,453,3.03,13.35,80.7,81.19,33.1,29.8,2.77,3.32,12.81,13.91,精鋭+広域網,全期間,4,4
9311,261,2.8,11.99,85.03,81.53,36.12,32.5,2.49,3.16,11.34,12.66,精鋭+広域網,全期間,5,5
4822,127,2.63,11.01,80.3,80.01,38.01,34.2,2.22,3.12,10.16,11.93,精鋭+広域網,全期間,6,6位以上
2129,66,3.1,10.99,95.03,85.69,40.69,36.7,2.44,3.92,9.73,12.39,精鋭+広域網,全期間,7,6位以上
717,18,2.51,9.21,94.23,77.96,40.32,36.5,1.59,3.93,7.3,11.54,精鋭+広域網,全期間,8,6位以上
173,2,1.16,10.4,57.98,108.5,41.31,36.7,0.32,4.12,6.68,15.85,精鋭+広域網,全期間,9,6位以上
32,1,3.12,9.38,95.31,123.44,47.32,43.65,0.55,15.74,3.24,24.22,精鋭+広域網,全期間,10,6位以上
6,0,0.0,0.0,0.0,0.0,46.47,43.15,0.0,39.03,0.0,39.03,精鋭+広域網,全期間,11,6位以上
3,1,33.33,33.33,813.33,266.67,30.1,24.8,6.15,79.23,6.15,79.23,精鋭+広域網,全期間,12,6位以上
20889,1019,4.88,20.55,80.07,78.22,20.55,17.8,4.59,5.18,20.0,21.1,精鋭+広域網,直近6年,1,1
19098,777,4.07,17.37,82.08,79.18,25.5,22.1,3.8,4.36,16.84,17.92,精鋭+広域網,直近6年,2,2
15878,540,3.4,14.79,78.71,77.76,29.53,26.2,3.13,3.69,14.24,15.35,精鋭+広域網,直近6年,3,3
11578,351,3.03,13.09,81.18,78.09,33.06,29.7,2.73,3.36,12.48,13.71,精鋭+広域網,直近6年,4,4
7271,209,2.87,12.03,88.4,81.12,36.17,32.5,2.51,3.28,11.31,12.8,精鋭+広域網,直近6年,5,5
3783,97,2.56,11.26,74.78,81.35,37.86,34.3,2.11,3.12,10.29,12.31,精鋭+広域網,直近6年,6,6位以上
1698,49,2.89,10.95,89.0,86.6,41.37,37.3,2.19,3.79,9.56,12.53,精鋭+広域網,直近6年,7,6位以上
600,12,2.0,8.5,74.78,71.8,40.6,36.95,1.15,3.46,6.52,11.0,精鋭+広域網,直近6年,8,6位以上
148,2,1.35,10.81,67.77,109.53,41.49,36.85,0.37,4.79,6.76,16.84,精鋭+広域網,直近6年,9,6位以上
28,1,3.57,10.71,108.93,141.07,49.71,45.25,0.63,17.71,3.71,27.2,精鋭+広域網,直近6年,10,6位以上
6,0,0.0,0.0,0.0,0.0,46.47,43.15,0.0,39.03,0.0,39.03,精鋭+広域網,直近6年,11,6位以上
3,1,33.33,33.33,813.33,266.67,30.1,24.8,6.15,79.23,6.15,79.23,精鋭+広域網,直近6年,12,6位以上
11159,542,4.86,20.55,81.4,78.67,20.83,17.9,4.47,5.27,19.81,21.31,精鋭+広域網,直近3年,1,1
10127,403,3.98,17.32,79.66,77.61,25.73,22.3,3.62,4.38,16.6,18.07,精鋭+広域網,直近3年,2,2
8344,292,3.5,14.92,82.66,77.94,29.75,26.3,3.13,3.92,14.17,15.7,精鋭+広域網,直近3年,3,3
6009,203,3.38,13.78,91.53,81.12,33.19,30.0,2.95,3.87,12.93,14.67,精鋭+広域網,直近3年,4,4
3690,104,2.82,12.2,89.32,81.85,36.31,32.8,2.33,3.4,11.18,13.29,精鋭+広域網,直近3年,5,5
1879,34,1.81,9.9,54.24,68.8,38.45,35.4,1.3,2.52,8.63,11.33,精鋭+広域網,直近3年,6,6位以上
815,28,3.44,12.27,103.24,93.33,41.24,37.4,2.39,4.92,10.19,14.7,精鋭+広域網,直近3年,7,6位以上
266,4,1.5,8.65,63.61,80.45,41.82,37.65,0.59,3.8,5.83,12.64,精鋭+広域網,直近3年,8,6位以上
74,1,1.35,9.46,30.95,76.35,39.3,33.95,0.24,7.27,4.66,18.26,精鋭+広域網,直近3年,9,6位以上
16,1,6.25,6.25,190.62,59.38,45.17,38.8,1.11,28.33,1.11,28.33,精鋭+広域網,直近3年,10,6位以上
4,0,0.0,0.0,0.0,0.0,50.55,47.8,0.0,48.99,0.0,48.99,精鋭+広域網,直近3年,11,6位以上
3,1,33.33,33.33,813.33,266.67,30.1,24.8,6.15,79.23,6.15,79.23,精鋭+広域網,直近3年,12,6位以上
7946,376,4.73,20.29,78.58,77.4,20.88,17.8,4.29,5.22,19.42,21.19,精鋭+広域網,2024年以降,1,1
7196,293,4.07,17.36,82.25,78.42,25.87,22.2,3.64,4.55,16.5,18.25,精鋭+広域網,2024年以降,2,2
5903,206,3.49,15.33,80.42,79.27,29.84,26.3,3.05,3.99,14.43,16.27,精鋭+広域網,2024年以降,3,3
4261,147,3.45,13.71,93.06,81.53,33.3,30.1,2.94,4.04,12.71,14.77,精鋭+広域網,2024年以降,4,4
2617,68,2.6,12.11,81.51,81.81,36.48,33.0,2.05,3.28,10.92,13.42,精鋭+広域網,2024年以降,5,5
1341,24,1.79,10.07,55.43,70.34,39.05,36.4,1.21,2.65,8.57,11.79,精鋭+広域網,2024年以降,6,6位以上
564,18,3.19,11.17,92.62,84.26,41.02,37.3,2.03,4.99,8.83,14.04,精鋭+広域網,2024年以降,7,6位以上
178,3,1.69,10.67,70.11,100.22,42.2,38.6,0.57,4.84,6.94,16.07,精鋭+広域網,2024年以降,8,6位以上
56,0,0.0,5.36,0.0,44.82,40.93,35.3,0.0,6.42,1.84,14.61,精鋭+広域網,2024年以降,9,6位以上
13,0,0.0,0.0,0.0,0.0,47.58,43.5,0.0,22.81,0.0,22.81,精鋭+広域網,2024年以降,10,6位以上
3,0,0.0,0.0,0.0,0.0,41.93,40.0,0.0,56.15,0.0,56.15,精鋭+広域網,2024年以降,11,6位以上
2,0,0.0,0.0,0.0,0.0,32.95,32.95,0.0,65.76,0.0,65.76,精鋭+広域網,2024年以降,12,6位以上
3206,145,4.52,20.49,74.29,78.61,20.74,17.7,3.86,5.3,19.13,21.93,精鋭+広域網,2025年,1,1
2931,108,3.68,17.47,75.72,78.21,25.7,22.3,3.06,4.43,16.14,18.89,精鋭+広域網,2025年,2,2
2475,94,3.8,15.6,89.95,80.77,30.07,26.3,3.11,4.63,14.22,17.08,精鋭+広域網,2025年,3,3
1794,65,3.62,13.88,101.48,84.45,33.57,30.1,2.85,4.59,12.36,15.56,精鋭+広域網,2025年,4,4
1111,33,2.97,11.61,107.78,81.29,36.28,32.8,2.12,4.14,9.86,13.63,精鋭+広域網,2025年,5,5
578,12,2.08,10.55,58.55,70.62,39.78,37.15,1.19,3.59,8.3,13.32,精鋭+広域網,2025年,6,6位以上
246,7,2.85,8.54,87.2,70.85,40.61,36.5,1.39,5.76,5.65,12.7,精鋭+広域網,2025年,7,6位以上
79,0,0.0,8.86,0.0,70.51,42.43,39.9,0.0,4.64,4.36,17.18,精鋭+広域網,2025年,8,6位以上
27,0,0.0,3.7,0.0,18.15,40.39,30.5,0.0,12.46,0.66,18.28,精鋭+広域網,2025年,9,6位以上
4,0,0.0,0.0,0.0,0.0,55.72,47.5,0.0,48.99,0.0,48.99,精鋭+広域網,2025年,10,6位以上
1,0,0.0,0.0,0.0,0.0,30.2,30.2,0.0,79.35,0.0,79.35,精鋭+広域網,2025年,11,6位以上
1,0,0.0,0.0,0.0,0.0,24.8,24.8,0.0,79.35,0.0,79.35,精鋭+広域網,2025年,12,6位以上
