n,win,win_rate_pct,place_rate_pct,tansho_roi_pct,fukusho_roi_pct,avg_odds,med_odds,win_ci_lo,win_ci_hi,place_ci_lo,place_ci_hi,pool,vh_rank,pop_bucket,cross_type
409,12,2.93,13.69,101.69,89.56,33.74,32.1,1.69,5.06,10.7,17.36,精鋭,1,10-14番人気,
24559,1276,5.2,21.27,82.96,79.04,18.9,17.0,4.93,5.48,20.76,21.79,精鋭,1,6-9番人気,
1302,23,1.77,11.6,55.55,80.35,36.42,34.4,1.18,2.64,9.97,13.45,精鋭,2,10-14番人気,
18317,889,4.85,19.06,89.42,81.82,21.06,19.4,4.55,5.17,18.5,19.63,精鋭,2,6-9番人気,
1937,37,1.91,11.51,62.28,82.79,37.1,35.6,1.39,2.62,10.17,13.01,精鋭,3,10-14番人気,
7,0,0.0,0.0,0.0,0.0,57.07,59.1,0.0,35.43,0.0,35.43,精鋭,3,15番人気以下,
10870,482,4.43,17.42,84.99,80.57,21.84,20.35,4.06,4.84,16.72,18.15,精鋭,3,6-9番人気,
409,12,2.93,13.69,101.69,89.56,33.74,32.1,1.69,5.06,10.7,17.36,精鋭,1,10-14番人気,VH1位
24559,1276,5.2,21.27,82.96,79.04,18.9,17.0,4.93,5.48,20.76,21.79,精鋭,1,6-9番人気,VH1位
1302,23,1.77,11.6,55.55,80.35,36.42,34.4,1.18,2.64,9.97,13.45,精鋭,2,10-14番人気,VH2位
18317,889,4.85,19.06,89.42,81.82,21.06,19.4,4.55,5.17,18.5,19.63,精鋭,2,6-9番人気,VH2位
440,12,2.73,12.95,94.52,84.8,36.56,32.9,1.57,4.71,10.13,16.42,精鋭+広域網,1,10-14番人気,
26388,1309,4.96,20.76,81.33,78.76,20.27,17.6,4.71,5.23,20.28,21.26,精鋭+広域網,1,6-9番人気,
1596,26,1.63,10.78,58.05,76.13,41.74,37.9,1.11,2.38,9.35,12.39,精鋭+広域網,2,10-14番人気,
2,1,50.0,50.0,4940.0,895.0,79.55,79.55,9.45,90.55,9.45,90.55,精鋭+広域網,2,15番人気以下,
22952,988,4.3,17.69,84.42,78.96,24.32,21.4,4.05,4.57,17.21,18.19,精鋭+広域網,2,6-9番人気,
3005,53,1.76,10.15,70.21,78.37,44.77,41.3,1.35,2.3,9.12,11.28,精鋭+広域網,3,10-14番人気,
10,0,0.0,0.0,0.0,0.0,71.69,61.65,0.0,27.75,0.0,27.75,精鋭+広域網,3,15番人気以下,
17406,639,3.67,15.58,80.38,78.17,26.81,24.1,3.4,3.96,15.04,16.12,精鋭+広域網,3,6-9番人気,
440,12,2.73,12.95,94.52,84.8,36.56,32.9,1.57,4.71,10.13,16.42,精鋭+広域網,1,10-14番人気,VH1位
26388,1309,4.96,20.76,81.33,78.76,20.27,17.6,4.71,5.23,20.28,21.26,精鋭+広域網,1,6-9番人気,VH1位
1596,26,1.63,10.78,58.05,76.13,41.74,37.9,1.11,2.38,9.35,12.39,精鋭+広域網,2,10-14番人気,VH2位
2,1,50.0,50.0,4940.0,895.0,79.55,79.55,9.45,90.55,9.45,90.55,精鋭+広域網,2,15番人気以下,VH2位
22952,988,4.3,17.69,84.42,78.96,24.32,21.4,4.05,4.57,17.21,18.19,精鋭+広域網,2,6-9番人気,VH2位
