year,1,2,3,4,5,6,7,8,9,10,11,12
2018,0,0,1091,1238,1052,974,1098,924,901,951,906,1004
2019,918,1096,1246,1088,986,1193,1043,1233,872,1025,1146,955
2020,997,1305,1159,989,1338,1091,1028,1264,1010,1127,1093,985
2021,1289,1079,1043,975,1220,969,1131,1144,994,1285,999,1026
2022,1061,1020,893,959,1128,937,1140,951,894,1165,924,982
2023,1200,1080,931,1147,895,922,1180,979,960,1081,933,998
2024,1016,932,1084,964,943,1163,931,995,834,989,1099,872
2025,942,1098,1189,927,1116,1049,1022,1281,775,963,1100,991
2026,970,1048,1007,947,1165,668,0,0,0,0,0,0
